CUST_ID,FNAME,LNAME,ADDRESS
1,Samuel,Wright,"625 Smith Store Ave Grosse Pointe, MI 48236"
2,Kaye,Armstrong,"21 E Rockwell Street Livingston, NJ 07039"
3,Rogan,Strong,"323 W Kent Dr Hollywood, FL 33020"
4,Danielle,Swanson,"96 Johnson Street Northville, MI 48167"
5,Rajah,Alvarado,"8418 Lake Street Manchester Township, NJ 08759"
6,Bree,Mcbride,"8894 Ohio St Bartlett, IL 60103"
7,Rana,Mathis,"343 Fulton Road Pompano Beach, FL 33060"
8,Knox,Christensen,"252 Golden Star Dr Simpsonville, SC 29680"
9,Byron,Sykes,"97 Livingston St Piqua, OH 45356"
10,Karyn,Rojas,"95 Alton Court Desoto, TX 75115"
11,Connor,Silva,"6 Pierce St Hendersonville, NC 28792"
12,Rhonda,Benton,"1 University Street Graham, NC 27253"
13,Patricia,Montoya,"5 North Richardson Street Tuscaloosa, AL 35405"
14,Doris,Hoffman,"841 Pheasant Drive Staunton, VA 24401"
15,Noel,Andrews,"163 Saxton Street Greer, SC 29650"
16,Hyatt,Orr,"60 Somerset Ave West Hempstead, NY 11552"
17,Ifeoma,Kemp,"8679 Miles St Waukegan, IL 60085"
18,Hunter,Ayala,"96 Newbridge Dr Winter Springs, FL 32708"
19,Bree,Richmond,"25 Harrison Ave Apt 9 Clarkston, MI 48348"
20,Cameron,Gomez,"29 West Gregory Drive Newport News, VA 23601"
21,Thaddeus,Vega,"18 Vine Ave Chapel Hill, NC 27516"
22,Demetrius,Manning,"79 Glenwood Ave Commack, NY 11725"
23,Blythe,Hampton,"83 South Fremont Street Milton, MA 02186"
24,Stella,Fischer,"9430 Strawberry Ave Hagerstown, MD 21740"
25,Harrison,Mayer,"78 Bishop St Sykesville, MD 21784"
26,Beau,Mcintyre,"7041 Rockledge Road Raeford, NC 28376"
27,Beck,Brennan,"125 Oakwood Drive East Stroudsburg, PA 18301"
28,Veronica,Day,"44 Orange Ave Moorhead, MN 56560"
29,Aaron,Callahan,"86 Mammoth Ave San Pablo, CA 94806"
30,Eugenia,Parsons,"66 West Lookout Lane Clifton, NJ 07011"
31,Chaney,Roberson,"410 Nicolls Drive Lapeer, MI 48446"
32,Jin,Haney,"211 West Winchester St Fall River, MA 02720"
33,Nissim,Barron,"581 Plumb Branch Court Saint Augustine, FL 32084"
34,Athena,Mercer,"221 Stillwater Road Lynnwood, WA 98037"
35,Carol,Bond,"684 Mayflower Street Glen Ellyn, IL 60137"
36,Ciaran,Hawkins,"757 Vale Lane Maumee, OH 43537"
37,Marshall,Fitzgerald,"36 Gulf Lane Clermont, FL 34711"
38,Erich,Fletcher,"6 Cross Rd Ashburn, VA 20147"
39,Wyoming,Woodard,"7760 Brickyard Street Elkridge, MD 21075"
40,Sonia,Meyers,"89 West Greenview Road Farmingdale, NY 11735"
41,Yardley,Hanson,"9140 Whitemarsh Street Reynoldsburg, OH 43068"
42,Colton,Pate,"90 Pawnee Drive Oak Creek, WI 53154"
43,Marah,Cross,"700 4th Dr Colonial Heights, VA 23834"
44,Cecilia,Carter,"9399 Schoolhouse Street Lawndale, CA 90260"
45,Quynn,Compton,"405 North Ave Saginaw, MI 48601"
46,Maya,Cardenas,"552 N Sunnyslope Street Longview, TX 75604"
47,Armando,Malone,"21 E Taylor Street Washington, PA 15301"
48,Herman,Rocha,"366 Courtland St Cornelius, NC 28031"
49,Chaim,Summers,"7266 Briarwood St Banning, CA 92220"
50,Pascale,Bryan,"23 8th Lane Savage, MN 55378"
51,Tanek,Cochran,"7360 West Pineknoll Dr Hamburg, NY 14075"
52,Jescie,Jennings,"118 Iroquois St Natchez, MS 39120"
53,Quail,Griffin,"7 Wood Street Zanesville, OH 43701"
54,Amethyst,Booker,"509 Ryan Ave Daphne, AL 36526"
55,Joel,Mullen,"459 West Lancaster Court Dearborn, MI 48124"
56,Zena,Mclean,"437 Brook St Ottawa, IL 61350"
57,Ruth,Olsen,"41 Wall Rd Jackson Heights, NY 11372"
58,Wyatt,Harding,"76 Stillwater Drive Alabaster, AL 35007"
59,Zahir,Kemp,"9645 West Branch St Medford, MA 02155"
60,Tucker,Hampton,"677 Golf Lane Fuquay Varina, NC 27526"
61,Alec,Stark,"9706 South Fairview Dr Lincoln Park, MI 48146"
62,Emmanuel,Mcclure,"3 North St Valley Stream, NY 11580"
63,Taylor,Potter,"354 Walt Whitman Court Fort Myers, FL 33905"
64,Madonna,Conway,"98 South Heather St Largo, FL 33771"
65,Isaac,Cline,"122 Sutor Street Hernando, MS 38632"
66,Kelly,Hogan,"7943 S Vine Street Waldorf, MD 20601"
67,Amery,Hicks,"9435 Glenwood Road Harrisburg, PA 17109"
68,Carson,Baldwin,"4 East San Juan St Harlingen, TX 78552"
69,Petra,Mcgee,"435 Summit Dr Nutley, NJ 07110"
70,Ariel,Nash,"7455 Pendergast St Indiana, PA 15701"
71,Rebecca,Garrison,"230 S Winding Way Court Menomonee Falls, WI 53051"
72,Signe,Doyle,"7737 Valley Farms Drive Pawtucket, RI 02860"
73,Gretchen,Cervantes,"342 Laurel Street New Albany, IN 47150"
74,Blake,Hunter,"81 Kent Street Monroeville, PA 15146"
75,Jackson,Sandoval,"9730 Lake Lane Nicholasville, KY 40356"
76,Brett,Wallace,"9377 Thomas Dr Marion, NC 28752"
77,Gary,Francis,"9 Blackburn Street Elizabethtown, PA 17022"
78,Nigel,Cooper,"91 Hanover St Miami Beach, FL 33139"
79,Darryl,Mccarthy,"501 Saxton Dr South El Monte, CA 91733"
80,Dean,Patel,"314 Paris Hill St Cockeysville, MD 21030"
81,Wang,Crosby,"8229 South Jefferson Drive Deerfield, IL 60015"
82,Amena,Nielsen,"76 Howard Drive Gainesville, VA 20155"
83,Drew,Mckay,"44 S Acacia Street North Canton, OH 44720"
84,Fritz,Harris,"9965 Laurel Street North Bergen, NJ 07047"
85,Christian,Weaver,"335 West Johnson Drive East Hartford, CT 06118"
86,Blythe,Martin,"284 Theatre Ave Westlake, OH 44145"
87,Carla,Pugh,"8961 Edgefield Ave Phoenix, AZ 85021"
88,Rajah,Talley,"18 Winding Way Circle Ontario, CA 91762"
89,Sean,Mcfadden,"376 Wayne St Madison Heights, MI 48071"
90,Declan,Nguyen,"742 Highland Street Valley Stream, NY 11580"
91,Jessamine,Hatfield,"1 Pennsylvania Dr Milford, MA 01757"
92,Micah,Riley,"7750 Constitution Street Manchester Township, NJ 08759"
93,Lysandra,Pace,"982 River Lane Chippewa Falls, WI 54729"
94,Melissa,Humphrey,"61 Prairie Lane Glen Allen, VA 23059"
95,Melodie,Travis,"7930 Linden Road Manchester Township, NJ 08759"
96,Anne,Barrett,"642 N Cedarwood Road Norristown, PA 19401"
97,McKenzie,Murray,"755 Proctor St Lilburn, GA 30047"
98,Roanna,Hartman,"24 Selby Circle Longwood, FL 32779"
99,Xerxes,Solis,"692 Oak Meadow Street Bowling Green, KY 42101"
100,Deanna,Molina,"47 Orange Dr Far Rockaway, NY 11691"
